scenario,p50_min,p90_min,covered_share,rho_mean,rho_worst,num_sites,n_chargers,n_HOME_L2,n_PUBLIC_L2,n_PUBLIC_L3,budget_used,budget_total,delta_p50_min,delta_p90_min,delta_covered_share,delta_rho_mean,delta_rho_worst,delta_num_sites,delta_n_chargers
pred,4.86934636697794,5.783940115476497,1.0,0.0,0.0,31,63,40,17,6,796000,800000,0.0,0.0,0.0,-0.0616814118900126,-0.5598628018051385,0.0,0.0
2024_W6_T20,4.86934636697794,5.783940115476497,1.0,0.0616814118900126,0.5598628018051385,31,63,40,17,6,796000,800000,0.0,0.0,0.0,0.0,0.0,0.0,0.0
2024_W17_T10,4.86934636697794,5.783940115476497,1.0,0.0616814118900126,0.5598628018051385,31,63,40,17,6,796000,800000,0.0,0.0,0.0,0.0,0.0,0.0,0.0
2025_W35_T10,4.86934636697794,5.783940115476497,1.0,0.0616814118900126,0.5598628018051385,31,63,40,17,6,796000,800000,0.0,0.0,0.0,0.0,0.0,0.0,0.0
