metric,value
p50_min,4.86934636697794
p90_min,5.783940115476497
covered_share,1.0
